{"transition": {"('root', 'RDF')": 0.0784313725490196, "('RDF', 'NC')": 0.8333333333333334, "('NC', 'NC')": 0.31794871794871793, "('NC', 'JJ')": 0.06153846153846154, "('JJ', 'NC')": 0.7209302325581395, "('NC', 'CCD')": 0.03076923076923077, "('CCD', 'NC')": 0.47368421052631576, "('NC', 'NV')": 0.05128205128205128, "('NV', 'PU')": 0.07692307692307693, "('NC', 'NP')": 0.010256410256410256, "('NP', 'JJ')": 0.06666666666666667, "('NC', 'VM')": 0.16923076923076924, "('VM', 'JQ')": 0.017857142857142856, "('JQ', 'JJ')": 0.28, "('NC', 'PP')": 0.02564102564102564, "('PP', 'JJ')": 0.2, "('VM', 'PU')": 0.5357142857142857, "('root', 'JQ')": 0.0392156862745098, "('NC', 'PPR')": 0.05128205128205128, "('PPR', 'NC')": 0.45, "('VM', 'VAUX')": 0.19642857142857142, "('VAUX', 'CCD')": 0.18181818181818182, "('CCD', 'PPR')": 0.21052631578947367, "('NC', 'NST')": 0.02564102564102564, "('NST', 'JJ')": 0.16666666666666666, "('VAUX', 'PU')": 0.6363636363636364, "('root', 'JJ')": 0.0784313725490196, "('NV', 'CCD')": 0.07692307692307693, "('NC', 'PU')": 0.15384615384615385, "('PU', 'NC')": 0.45454545454545453, "('NV', 'JJ')": 0.15384615384615385, "('JJ', 'VM')": 0.11627906976744186, "('VM', 'PRL')": 0.017857142857142856, "('PRL', 'AMN')": 0.5, "('AMN', 'NC')": 0.42857142857142855, "('root', 'NC')": 0.2549019607843137, "('NP', 'CCD')": 0.2, "('NST', 'NP')": 0.16666666666666666, "('NP', 'PU')": 0.6, "('PU', 'NP')": 0.1590909090909091, "('PU', 'PPR')": 0.13636363636363635, "('NC', 'CCL')": 0.005128205128205128, "('CCL', 'NV')": 1.0, "('NV', 'VM')": 0.38461538461538464, "('root', 'CSB')": 0.0784313725490196, "('CSB', 'NC')": 0.375, "('NC', 'JQ')": 0.05128205128205128, "('JQ', 'NC')": 0.56, "('NC', 'DAB')": 0.005128205128205128, "('DAB', 'NC')": 0.625, "('PU', 'DAB')": 0.06818181818181818, "('DAB', 'PU')": 0.25, "('NP', 'NC')": 0.13333333333333333, "('VM', 'CCD')": 0.03571428571428571, "('CCD', 'JQ')": 0.05263157894736842, "('JQ', 'JQ')": 0.08, "('JQ', 'PU')": 0.04, "('PU', 'JQ')": 0.022727272727272728, "('VM', 'CX')": 0.05357142857142857, "('CX', 'PU')": 0.5714285714285714, "('root', 'EX')": 0.0196078431372549, "('EX', 'MD')": 1.0, "('MD', 'VB')": 1.0, "('VB', 'NNS')": 1.0, "('NNS', 'VBG')": 1.0, "('VBG', 'WP')": 1.0, "('WP', 'PRP')": 1.0, "('PRP', 'VBD')": 0.5, "('VBD', '.')": 1.0, "('.', \"''\")": 1.0, "('PPR', 'JJ')": 0.075, "('VM', 'JJ')": 0.017857142857142856, "('JJ', 'PP')": 0.023255813953488372, "('PP', 'JQ')": 0.2, "('PU', 'JJ')": 0.045454545454545456, "('root', 'CCD')": 0.0196078431372549, "('PPR', 'PP')": 0.05, "('PP', 'PPR')": 0.2, "('JQ', 'VM')": 0.04, "('root', 'PPR')": 0.1568627450980392, "('PPR', 'JQ')": 0.1, "('VM', 'PPR')": 0.07142857142857142, "('root', 'ALC')": 0.058823529411764705, "('ALC', 'NC')": 0.4, "('root', 'VM')": 0.0392156862745098, "('PPR', 'VM')": 0.05, "('NC', 'ALC')": 0.005128205128205128, "('ALC', 'PU')": 0.2, "('NST', 'PU')": 0.3333333333333333, "('root', 'NP')": 0.0784313725490196, "('PU', 'CCD')": 0.045454545454545456, "('CCD', 'PU')": 0.05263157894736842, "('VM', 'NC')": 0.017857142857142856, "('CSB', 'DAB')": 0.125, "('PPR', 'AMN')": 0.05, "('AMN', 'VM')": 0.42857142857142855, "('CCD', 'JJ')": 0.21052631578947367, "('CSB', 'PU')": 0.125, "('VM', 'CSB')": 0.017857142857142856, "('CSB', 'PPR')": 0.25, "('NC', 'AMN')": 0.015384615384615385, "('VAUX', 'CSB')": 0.09090909090909091, "('JJ', 'CCD')": 0.046511627906976744, "('NV', 'PP')": 0.07692307692307693, "('PP', 'NC')": 0.2, "('RDF', 'PU')": 0.16666666666666666, "('JJ', 'NV')": 0.023255813953488372, "('NV', 'NC')": 0.23076923076923078, "('NC', 'PWH')": 0.010256410256410256, "('PWH', 'VM')": 0.5, "('NST', 'NC')": 0.16666666666666666, "('NC', 'RDF')": 0.005128205128205128, "('AMN', 'PPR')": 0.14285714285714285, "('PU', 'CSB')": 0.022727272727272728, "('root', 'DAB')": 0.0392156862745098, "('ALC', 'PPR')": 0.4, "('PPR', 'RDF')": 0.025, "('PP', 'VM')": 0.2, "('VAUX', 'NP')": 0.09090909090909091, "('DAB', 'JJ')": 0.125, "('PWH', 'PP')": 0.25, "('PPR', 'NST')": 0.025, "('NST', 'JQ')": 0.16666666666666666, "('JJ', 'JJ')": 0.06976744186046512, "('NC', 'CX')": 0.005128205128205128, "('CX', 'CSB')": 0.14285714285714285, "('CSB', 'VM')": 0.125, "('VM', 'AMN')": 0.017857142857142856, "('PPR', 'NV')": 0.025, "('root', 'CX')": 0.0392156862745098, "('PU', 'PRL')": 0.022727272727272728, "('PRL', 'PU')": 0.5, "('PPR', 'PWH')": 0.05, "('PWH', 'PPR')": 0.25, "('PU', 'ALC')": 0.022727272727272728, "('PPR', 'PRF')": 0.025, "('PRF', 'JQ')": 1.0, "('CX', 'CX')": 0.14285714285714285, "('CX', 'NC')": 0.14285714285714285, "('PPR', 'PU')": 0.05, "('PPR', 'DAB')": 0.025, "('root', 'PRP')": 0.0196078431372549, "('PRP', 'NNP')": 0.5, "('NNP', 'VB')": 1.0}, "emission": {"('RDF', '<unk>')": 1.0, "('NC', '<unk>')": 0.9076923076923077, "('JJ', '\u09ac\u09bf\u09b0\u09cb\u09a7\u09c0')": 0.046511627906976744, "('CCD', '\u098f\u09ac\u0982')": 0.631578947368421, "('NV', '\u0995\u09b0\u09be')": 0.23076923076923078, "('PU', '\u0964')": 0.4838709677419355, "('NC', '\u09b8\u09be\u09b2\u09c7')": 0.010256410256410256, "('NP', '<unk>')": 0.8, "('JJ', '\u09b0\u09be\u099c\u09a8\u09c8\u09a4\u09bf\u0995')": 0.046511627906976744, "('JJ', '<unk>')": 0.6511627906976745, "('VM', '<unk>')": 0.7142857142857143, "('JQ', '<unk>')": 0.48, "('PP', '<unk>')": 0.6, "('VM', '\u0995\u09b0\u09c7')": 0.08928571428571429, "('JQ', '\u098f\u0995\u099f\u09bf')": 0.24, "('NC', '\u09b8\u09cd\u09a5\u09be\u09a8')": 0.010256410256410256, "('PPR', '\u0986\u09ae\u09be\u09a6\u09c7\u09b0')": 0.1, "('NC', '\u099c\u09c0\u09ac\u09a8\u09c7\u09b0')": 0.010256410256410256, "('VAUX', '<unk>')": 0.8181818181818182, "('PPR', '\u0986\u09ae\u09b0\u09be')": 0.075, "('NST', '\u09ae\u09a7\u09cd\u09af\u09c7')": 0.3333333333333333, "('JJ', '\u09ac\u09bf\u09ad\u09bf\u09a8\u09cd\u09a8')": 0.06976744186046512, "('NV', '\u099a\u09be\u09b2\u09be\u09a8\u09cb')": 0.15384615384615385, "('CCD', '\u0993')": 0.3157894736842105, "('PU', '-')": 0.06451612903225806, "('PRL', '<unk>')": 0.5, "('AMN', '<unk>')": 1.0, "('NP', '\u0986\u09ae')": 0.06666666666666667, "('PU', ',')": 0.3333333333333333, "('PPR', '\u09a4\u09be\u09b0\u09be')": 0.05, "('CCL', '<unk>')": 1.0, "('NV', '\u09aa\u09be\u0993\u09df\u09be')": 0.15384615384615385, "('CSB', '\u0995\u09bf\u09a8\u09cd\u09a4\u09c1')": 0.25, "('DAB', '\u098f')": 0.625, "('NP', '\u09b8\u09bf')": 0.13333333333333333, "('JQ', '\u09aa\u09cd\u09b0\u09a5\u09ae')": 0.08, "('CX', '\u09a8\u09be')": 0.5714285714285714, "('EX', '<unk>')": 1.0, "('MD', '<unk>')": 1.0, "('VB', '<unk>')": 1.0, "('NNS', '\u0993')": 1.0, "('VBG', '<unk>')": 1.0, "('WP', '<unk>')": 1.0, "('PRP', '<unk>')": 0.5, "('VBD', '<unk>')": 1.0, "('.', '<unk>')": 1.0, "(\"''\", '<unk>')": 1.0, "('JQ', '\u09aa\u09cd\u09b0\u09a4\u09bf')": 0.12, "('PPR', '<unk>')": 0.25, "('JJ', '\u09ac\u09c3\u09a4\u09cd\u09a4\u09bf\u09ae\u09c2\u09b2\u0995')": 0.046511627906976744, "('NC', '\u09b6\u09bf\u0995\u09cd\u09b7\u09be\u09b0')": 0.010256410256410256, "('JJ', '\u09aa\u09cd\u09b0\u09be\u09a5\u09ae\u09bf\u0995')": 0.046511627906976744, "('NV', '<unk>')": 0.3076923076923077, "('VM', '\u09b9\u09ac\u09c7')": 0.07142857142857142, "('CCD', '<unk>')": 0.05263157894736842, "('PPR', '\u0986\u09ae\u09be\u09b0')": 0.075, "('PPR', '\u0986\u09ae\u09bf')": 0.1, "('ALC', '<unk>')": 0.8, "('PU', '!')": 0.043010752688172046, "('VM', '\u09af\u09be\u0993')": 0.017857142857142856, "('ALC', '\u0995\u09cb\u09a5\u09be\u09df')": 0.2, "('PU', '?')": 0.03225806451612903, "('PPR', '\u09a4\u09bf\u09a8\u09bf')": 0.075, "('VM', '\u099b\u09bf\u09b2\u09c7\u09a8')": 0.03571428571428571, "('PPR', '\u09a4\u09be\u09b0')": 0.05, "('PPR', '\u09a4\u09be\u0995\u09c7')": 0.05, "('NST', '\u09aa\u09b0')": 0.3333333333333333, "('PU', \"'\")": 0.043010752688172046, "('NC', '\u0986\u09ae')": 0.005128205128205128, "('CSB', '<unk>')": 0.5, "('DAB', '\u098f\u0987')": 0.25, "('VAUX', '\u09b9\u09ac\u09c7')": 0.18181818181818182, "('NC', '\u09aa\u09cd\u09b0\u09df\u09cb\u099c\u09a8\u09c0\u09df\u09a4\u09be')": 0.010256410256410256, "('PPR', '\u098f\u099f\u09be')": 0.05,